model_size,n_epochs,dataset_percent,masked_percent,n_windows,time,first_train_loss,first_mse,first_rmse,first_mae,first_smape,last_train_loss,last_mse,last_rmse,last_mae,last_smape,windows,best_epochs,train_losses,eval_pre,eval_post,full_result,first_eval_loss,last_eval_loss
small,20,0.15,0.25,1,71.05895233154297,0.006965944791772927,0.08478869725988292,0.007328449053632137,0.050837766787052645,[0.1571142349138626],0.0004122752013375118,0.07470967821065835,0.0057127769223819826,0.046244667812196674,0.1434784578509067,[12],[17],"[0.006965944791772927, 0.0005799054789739395, 0.0005943883432857027, 0.0005282890171136907, 0.0005119546559788952, 0.0004981792496567193, 0.00049855174750389, 0.0004994739070493129, 0.0004485854899810095, 0.0004782249551291378, 0.0004355079644093556, 0.0004662725358295055, 0.0004457457086703341, 0.0004986954653369528, 0.00042782902424473183, 0.00046457472230291126, 0.0004218777596958846, 0.0004636065761068104, 0.00040004173284354953, 0.00044782730089666856, 0.0004122752013375118]","{'loss': [0.006965944791772927], 'mse': [0.08478869725988292], 'rmse': [0.007328449053632137], 'mae': [0.050837766787052645], 'smape': [0.1571142349138626]}","{'loss': [0.005419645983238297], 'mse': [0.07470967821065835], 'rmse': [0.0057127769223819826], 'mae': [0.046244667812196674], 'smape': [0.1434784578509067]}","([[0.006965944791772927, 0.0005799054789739395, 0.0005943883432857027, 0.0005282890171136907, 0.0005119546559788952, 0.0004981792496567193, 0.00049855174750389, 0.0004994739070493129, 0.0004485854899810095, 0.0004782249551291378, 0.0004355079644093556, 0.0004662725358295055, 0.0004457457086703341, 0.0004986954653369528, 0.00042782902424473183, 0.00046457472230291126, 0.0004218777596958846, 0.0004636065761068104, 0.00040004173284354953, 0.00044782730089666856, 0.0004122752013375118]], {'loss': [0.006965944791772927], 'mse': [0.08478869725988292], 'rmse': [0.007328449053632137], 'mae': [0.050837766787052645], 'smape': [0.1571142349138626]}, {'loss': [0.005419645983238297], 'mse': [0.07470967821065835], 'rmse': [0.0057127769223819826], 'mae': [0.046244667812196674], 'smape': [0.1434784578509067]}, [71.05895233154297], 71.05895233154297, [11.784249067306519, 10.063958406448364], 21.848207473754883, MOMENTPipeline(
  (normalizer): RevIN()
  (tokenizer): Patching()
  (patch_embedding): PatchEmbedding(
    (value_embedding): Linear(in_features=8, out_features=512, bias=False)
    (position_embedding): PositionalEmbedding()
    (dropout): Dropout(p=0.1, inplace=False)
  )
  (encoder): T5Stack(
    (embed_tokens): Embedding(32128, 512)
    (block): ModuleList(
      (0): T5Block(
        (layer): ModuleList(
          (0): T5LayerSelfAttention(
            (SelfAttention): T5Attention(
              (q): Linear(in_features=512, out_features=384, bias=False)
              (k): Linear(in_features=512, out_features=384, bias=False)
              (v): Linear(in_features=512, out_features=384, bias=False)
              (o): Linear(in_features=384, out_features=512, bias=False)
              (relative_attention_bias): Embedding(32, 6)
            )
            (layer_norm): T5LayerNorm()
            (dropout): Dropout(p=0.1, inplace=False)
          )
          (1): T5LayerFF(
            (DenseReluDense): T5DenseGatedActDense(
              (wi_0): Linear(in_features=512, out_features=1024, bias=False)
              (wi_1): Linear(in_features=512, out_features=1024, bias=False)
              (wo): Linear(in_features=1024, out_features=512, bias=False)
              (dropout): Dropout(p=0.1, inplace=False)
              (act): NewGELUActivation()
            )
            (layer_norm): T5LayerNorm()
            (dropout): Dropout(p=0.1, inplace=False)
          )
        )
      )
      (1-7): 7 x T5Block(
        (layer): ModuleList(
          (0): T5LayerSelfAttention(
            (SelfAttention): T5Attention(
              (q): Linear(in_features=512, out_features=384, bias=False)
              (k): Linear(in_features=512, out_features=384, bias=False)
              (v): Linear(in_features=512, out_features=384, bias=False)
              (o): Linear(in_features=384, out_features=512, bias=False)
            )
            (layer_norm): T5LayerNorm()
            (dropout): Dropout(p=0.1, inplace=False)
          )
          (1): T5LayerFF(
            (DenseReluDense): T5DenseGatedActDense(
              (wi_0): Linear(in_features=512, out_features=1024, bias=False)
              (wi_1): Linear(in_features=512, out_features=1024, bias=False)
              (wo): Linear(in_features=1024, out_features=512, bias=False)
              (dropout): Dropout(p=0.1, inplace=False)
              (act): NewGELUActivation()
            )
            (layer_norm): T5LayerNorm()
            (dropout): Dropout(p=0.1, inplace=False)
          )
        )
      )
    )
    (final_layer_norm): T5LayerNorm()
    (dropout): Dropout(p=0.1, inplace=False)
  )
  (head): PretrainHead(
    (dropout): Dropout(p=0.1, inplace=False)
    (linear): Linear(in_features=512, out_features=8, bias=True)
  )
), [12], [17], Empty DataFrame
Columns: [window, error]
Index: [])",0.006965944791772927,0.005419645983238297
small,20,0.15,0.25,2,71.31366086006165,0.006964422836063022,0.08479100829150704,0.007326839064016089,0.05091051207008687,[0.1574534930368639],0.0004122752013375118,0.07470967821065835,0.0057127769223819826,0.046244667812196674,0.1434784578509067,[12],[17],"[0.006964422836063022, 0.0005799054789739395, 0.0005943883432857027, 0.0005282890171136907, 0.0005119546559788952, 0.0004981792496567193, 0.00049855174750389, 0.0004994739070493129, 0.0004485854899810095, 0.0004782249551291378, 0.0004355079644093556, 0.0004662725358295055, 0.0004457457086703341, 0.0004986954653369528, 0.00042782902424473183, 0.00046457472230291126, 0.0004218777596958846, 0.0004636065761068104, 0.00040004173284354953, 0.00044782730089666856, 0.0004122752013375118]","{'loss': [0.006964422836063022], 'mse': [0.08479100829150704], 'rmse': [0.007326839064016089], 'mae': [0.05091051207008687], 'smape': [0.1574534930368639]}","{'loss': [0.005419645983238297], 'mse': [0.07470967821065835], 'rmse': [0.0057127769223819826], 'mae': [0.046244667812196674], 'smape': [0.1434784578509067]}","([[0.006964422836063022, 0.0005799054789739395, 0.0005943883432857027, 0.0005282890171136907, 0.0005119546559788952, 0.0004981792496567193, 0.00049855174750389, 0.0004994739070493129, 0.0004485854899810095, 0.0004782249551291378, 0.0004355079644093556, 0.0004662725358295055, 0.0004457457086703341, 0.0004986954653369528, 0.00042782902424473183, 0.00046457472230291126, 0.0004218777596958846, 0.0004636065761068104, 0.00040004173284354953, 0.00044782730089666856, 0.0004122752013375118]], {'loss': [0.006964422836063022], 'mse': [0.08479100829150704], 'rmse': [0.007326839064016089], 'mae': [0.05091051207008687], 'smape': [0.1574534930368639]}, {'loss': [0.005419645983238297], 'mse': [0.07470967821065835], 'rmse': [0.0057127769223819826], 'mae': [0.046244667812196674], 'smape': [0.1434784578509067]}, [71.31366086006165], 71.31366086006165, [10.066477298736572, 10.169078350067139], 20.23555564880371, MOMENTPipeline(
  (normalizer): RevIN()
  (tokenizer): Patching()
  (patch_embedding): PatchEmbedding(
    (value_embedding): Linear(in_features=8, out_features=512, bias=False)
    (position_embedding): PositionalEmbedding()
    (dropout): Dropout(p=0.1, inplace=False)
  )
  (encoder): T5Stack(
    (embed_tokens): Embedding(32128, 512)
    (block): ModuleList(
      (0): T5Block(
        (layer): ModuleList(
          (0): T5LayerSelfAttention(
            (SelfAttention): T5Attention(
              (q): Linear(in_features=512, out_features=384, bias=False)
              (k): Linear(in_features=512, out_features=384, bias=False)
              (v): Linear(in_features=512, out_features=384, bias=False)
              (o): Linear(in_features=384, out_features=512, bias=False)
              (relative_attention_bias): Embedding(32, 6)
            )
            (layer_norm): T5LayerNorm()
            (dropout): Dropout(p=0.1, inplace=False)
          )
          (1): T5LayerFF(
            (DenseReluDense): T5DenseGatedActDense(
              (wi_0): Linear(in_features=512, out_features=1024, bias=False)
              (wi_1): Linear(in_features=512, out_features=1024, bias=False)
              (wo): Linear(in_features=1024, out_features=512, bias=False)
              (dropout): Dropout(p=0.1, inplace=False)
              (act): NewGELUActivation()
            )
            (layer_norm): T5LayerNorm()
            (dropout): Dropout(p=0.1, inplace=False)
          )
        )
      )
      (1-7): 7 x T5Block(
        (layer): ModuleList(
          (0): T5LayerSelfAttention(
            (SelfAttention): T5Attention(
              (q): Linear(in_features=512, out_features=384, bias=False)
              (k): Linear(in_features=512, out_features=384, bias=False)
              (v): Linear(in_features=512, out_features=384, bias=False)
              (o): Linear(in_features=384, out_features=512, bias=False)
            )
            (layer_norm): T5LayerNorm()
            (dropout): Dropout(p=0.1, inplace=False)
          )
          (1): T5LayerFF(
            (DenseReluDense): T5DenseGatedActDense(
              (wi_0): Linear(in_features=512, out_features=1024, bias=False)
              (wi_1): Linear(in_features=512, out_features=1024, bias=False)
              (wo): Linear(in_features=1024, out_features=512, bias=False)
              (dropout): Dropout(p=0.1, inplace=False)
              (act): NewGELUActivation()
            )
            (layer_norm): T5LayerNorm()
            (dropout): Dropout(p=0.1, inplace=False)
          )
        )
      )
    )
    (final_layer_norm): T5LayerNorm()
    (dropout): Dropout(p=0.1, inplace=False)
  )
  (head): PretrainHead(
    (dropout): Dropout(p=0.1, inplace=False)
    (linear): Linear(in_features=512, out_features=8, bias=True)
  )
), [12], [17], Empty DataFrame
Columns: [window, error]
Index: [])",0.006964422836063022,0.005419645983238297
small,20,0.15,0.25,4,70.42965269088745,0.006964422836063022,0.08479100829150704,0.007326839064016089,0.05091051207008687,[0.1574534930368639],0.0004122752013375118,0.07470967821065835,0.0057127769223819826,0.046244667812196674,0.1434784578509067,[12],[17],"[0.006964422836063022, 0.0005799054789739395, 0.0005943883432857027, 0.0005282890171136907, 0.0005119546559788952, 0.0004981792496567193, 0.00049855174750389, 0.0004994739070493129, 0.0004485854899810095, 0.0004782249551291378, 0.0004355079644093556, 0.0004662725358295055, 0.0004457457086703341, 0.0004986954653369528, 0.00042782902424473183, 0.00046457472230291126, 0.0004218777596958846, 0.0004636065761068104, 0.00040004173284354953, 0.00044782730089666856, 0.0004122752013375118]","{'loss': [0.006964422836063022], 'mse': [0.08479100829150704], 'rmse': [0.007326839064016089], 'mae': [0.05091051207008687], 'smape': [0.1574534930368639]}","{'loss': [0.005419645983238297], 'mse': [0.07470967821065835], 'rmse': [0.0057127769223819826], 'mae': [0.046244667812196674], 'smape': [0.1434784578509067]}","([[0.006964422836063022, 0.0005799054789739395, 0.0005943883432857027, 0.0005282890171136907, 0.0005119546559788952, 0.0004981792496567193, 0.00049855174750389, 0.0004994739070493129, 0.0004485854899810095, 0.0004782249551291378, 0.0004355079644093556, 0.0004662725358295055, 0.0004457457086703341, 0.0004986954653369528, 0.00042782902424473183, 0.00046457472230291126, 0.0004218777596958846, 0.0004636065761068104, 0.00040004173284354953, 0.00044782730089666856, 0.0004122752013375118]], {'loss': [0.006964422836063022], 'mse': [0.08479100829150704], 'rmse': [0.007326839064016089], 'mae': [0.05091051207008687], 'smape': [0.1574534930368639]}, {'loss': [0.005419645983238297], 'mse': [0.07470967821065835], 'rmse': [0.0057127769223819826], 'mae': [0.046244667812196674], 'smape': [0.1434784578509067]}, [70.42965269088745], 70.42965269088745, [10.079310894012451, 10.067929744720459], 20.14724063873291, MOMENTPipeline(
  (normalizer): RevIN()
  (tokenizer): Patching()
  (patch_embedding): PatchEmbedding(
    (value_embedding): Linear(in_features=8, out_features=512, bias=False)
    (position_embedding): PositionalEmbedding()
    (dropout): Dropout(p=0.1, inplace=False)
  )
  (encoder): T5Stack(
    (embed_tokens): Embedding(32128, 512)
    (block): ModuleList(
      (0): T5Block(
        (layer): ModuleList(
          (0): T5LayerSelfAttention(
            (SelfAttention): T5Attention(
              (q): Linear(in_features=512, out_features=384, bias=False)
              (k): Linear(in_features=512, out_features=384, bias=False)
              (v): Linear(in_features=512, out_features=384, bias=False)
              (o): Linear(in_features=384, out_features=512, bias=False)
              (relative_attention_bias): Embedding(32, 6)
            )
            (layer_norm): T5LayerNorm()
            (dropout): Dropout(p=0.1, inplace=False)
          )
          (1): T5LayerFF(
            (DenseReluDense): T5DenseGatedActDense(
              (wi_0): Linear(in_features=512, out_features=1024, bias=False)
              (wi_1): Linear(in_features=512, out_features=1024, bias=False)
              (wo): Linear(in_features=1024, out_features=512, bias=False)
              (dropout): Dropout(p=0.1, inplace=False)
              (act): NewGELUActivation()
            )
            (layer_norm): T5LayerNorm()
            (dropout): Dropout(p=0.1, inplace=False)
          )
        )
      )
      (1-7): 7 x T5Block(
        (layer): ModuleList(
          (0): T5LayerSelfAttention(
            (SelfAttention): T5Attention(
              (q): Linear(in_features=512, out_features=384, bias=False)
              (k): Linear(in_features=512, out_features=384, bias=False)
              (v): Linear(in_features=512, out_features=384, bias=False)
              (o): Linear(in_features=384, out_features=512, bias=False)
            )
            (layer_norm): T5LayerNorm()
            (dropout): Dropout(p=0.1, inplace=False)
          )
          (1): T5LayerFF(
            (DenseReluDense): T5DenseGatedActDense(
              (wi_0): Linear(in_features=512, out_features=1024, bias=False)
              (wi_1): Linear(in_features=512, out_features=1024, bias=False)
              (wo): Linear(in_features=1024, out_features=512, bias=False)
              (dropout): Dropout(p=0.1, inplace=False)
              (act): NewGELUActivation()
            )
            (layer_norm): T5LayerNorm()
            (dropout): Dropout(p=0.1, inplace=False)
          )
        )
      )
    )
    (final_layer_norm): T5LayerNorm()
    (dropout): Dropout(p=0.1, inplace=False)
  )
  (head): PretrainHead(
    (dropout): Dropout(p=0.1, inplace=False)
    (linear): Linear(in_features=512, out_features=8, bias=True)
  )
), [12], [17], Empty DataFrame
Columns: [window, error]
Index: [])",0.006964422836063022,0.005419645983238297
small,20,0.15,0.25,6,70.33603262901306,0.006964422836063022,0.08479100829150704,0.007326839064016089,0.05091051207008687,[0.1574534930368639],0.0004122752013375118,0.07470967821065835,0.0057127769223819826,0.046244667812196674,0.1434784578509067,[12],[17],"[0.006964422836063022, 0.0005799054789739395, 0.0005943883432857027, 0.0005282890171136907, 0.0005119546559788952, 0.0004981792496567193, 0.00049855174750389, 0.0004994739070493129, 0.0004485854899810095, 0.0004782249551291378, 0.0004355079644093556, 0.0004662725358295055, 0.0004457457086703341, 0.0004986954653369528, 0.00042782902424473183, 0.00046457472230291126, 0.0004218777596958846, 0.0004636065761068104, 0.00040004173284354953, 0.00044782730089666856, 0.0004122752013375118]","{'loss': [0.006964422836063022], 'mse': [0.08479100829150704], 'rmse': [0.007326839064016089], 'mae': [0.05091051207008687], 'smape': [0.1574534930368639]}","{'loss': [0.005419645983238297], 'mse': [0.07470967821065835], 'rmse': [0.0057127769223819826], 'mae': [0.046244667812196674], 'smape': [0.1434784578509067]}","([[0.006964422836063022, 0.0005799054789739395, 0.0005943883432857027, 0.0005282890171136907, 0.0005119546559788952, 0.0004981792496567193, 0.00049855174750389, 0.0004994739070493129, 0.0004485854899810095, 0.0004782249551291378, 0.0004355079644093556, 0.0004662725358295055, 0.0004457457086703341, 0.0004986954653369528, 0.00042782902424473183, 0.00046457472230291126, 0.0004218777596958846, 0.0004636065761068104, 0.00040004173284354953, 0.00044782730089666856, 0.0004122752013375118]], {'loss': [0.006964422836063022], 'mse': [0.08479100829150704], 'rmse': [0.007326839064016089], 'mae': [0.05091051207008687], 'smape': [0.1574534930368639]}, {'loss': [0.005419645983238297], 'mse': [0.07470967821065835], 'rmse': [0.0057127769223819826], 'mae': [0.046244667812196674], 'smape': [0.1434784578509067]}, [70.33603262901306], 70.33603262901306, [9.995769500732422, 10.022511005401611], 20.018280506134033, MOMENTPipeline(
  (normalizer): RevIN()
  (tokenizer): Patching()
  (patch_embedding): PatchEmbedding(
    (value_embedding): Linear(in_features=8, out_features=512, bias=False)
    (position_embedding): PositionalEmbedding()
    (dropout): Dropout(p=0.1, inplace=False)
  )
  (encoder): T5Stack(
    (embed_tokens): Embedding(32128, 512)
    (block): ModuleList(
      (0): T5Block(
        (layer): ModuleList(
          (0): T5LayerSelfAttention(
            (SelfAttention): T5Attention(
              (q): Linear(in_features=512, out_features=384, bias=False)
              (k): Linear(in_features=512, out_features=384, bias=False)
              (v): Linear(in_features=512, out_features=384, bias=False)
              (o): Linear(in_features=384, out_features=512, bias=False)
              (relative_attention_bias): Embedding(32, 6)
            )
            (layer_norm): T5LayerNorm()
            (dropout): Dropout(p=0.1, inplace=False)
          )
          (1): T5LayerFF(
            (DenseReluDense): T5DenseGatedActDense(
              (wi_0): Linear(in_features=512, out_features=1024, bias=False)
              (wi_1): Linear(in_features=512, out_features=1024, bias=False)
              (wo): Linear(in_features=1024, out_features=512, bias=False)
              (dropout): Dropout(p=0.1, inplace=False)
              (act): NewGELUActivation()
            )
            (layer_norm): T5LayerNorm()
            (dropout): Dropout(p=0.1, inplace=False)
          )
        )
      )
      (1-7): 7 x T5Block(
        (layer): ModuleList(
          (0): T5LayerSelfAttention(
            (SelfAttention): T5Attention(
              (q): Linear(in_features=512, out_features=384, bias=False)
              (k): Linear(in_features=512, out_features=384, bias=False)
              (v): Linear(in_features=512, out_features=384, bias=False)
              (o): Linear(in_features=384, out_features=512, bias=False)
            )
            (layer_norm): T5LayerNorm()
            (dropout): Dropout(p=0.1, inplace=False)
          )
          (1): T5LayerFF(
            (DenseReluDense): T5DenseGatedActDense(
              (wi_0): Linear(in_features=512, out_features=1024, bias=False)
              (wi_1): Linear(in_features=512, out_features=1024, bias=False)
              (wo): Linear(in_features=1024, out_features=512, bias=False)
              (dropout): Dropout(p=0.1, inplace=False)
              (act): NewGELUActivation()
            )
            (layer_norm): T5LayerNorm()
            (dropout): Dropout(p=0.1, inplace=False)
          )
        )
      )
    )
    (final_layer_norm): T5LayerNorm()
    (dropout): Dropout(p=0.1, inplace=False)
  )
  (head): PretrainHead(
    (dropout): Dropout(p=0.1, inplace=False)
    (linear): Linear(in_features=512, out_features=8, bias=True)
  )
), [12], [17], Empty DataFrame
Columns: [window, error]
Index: [])",0.006964422836063022,0.005419645983238297
small,20,0.15,0.25,8,71.92346262931824,0.006964422836063022,0.08479100829150704,0.007326839064016089,0.05091051207008687,[0.1574534930368639],0.0004122752013375118,0.07470967821065835,0.0057127769223819826,0.046244667812196674,0.1434784578509067,[12],[17],"[0.006964422836063022, 0.0005799054789739395, 0.0005943883432857027, 0.0005282890171136907, 0.0005119546559788952, 0.0004981792496567193, 0.00049855174750389, 0.0004994739070493129, 0.0004485854899810095, 0.0004782249551291378, 0.0004355079644093556, 0.0004662725358295055, 0.0004457457086703341, 0.0004986954653369528, 0.00042782902424473183, 0.00046457472230291126, 0.0004218777596958846, 0.0004636065761068104, 0.00040004173284354953, 0.00044782730089666856, 0.0004122752013375118]","{'loss': [0.006964422836063022], 'mse': [0.08479100829150704], 'rmse': [0.007326839064016089], 'mae': [0.05091051207008687], 'smape': [0.1574534930368639]}","{'loss': [0.005419645983238297], 'mse': [0.07470967821065835], 'rmse': [0.0057127769223819826], 'mae': [0.046244667812196674], 'smape': [0.1434784578509067]}","([[0.006964422836063022, 0.0005799054789739395, 0.0005943883432857027, 0.0005282890171136907, 0.0005119546559788952, 0.0004981792496567193, 0.00049855174750389, 0.0004994739070493129, 0.0004485854899810095, 0.0004782249551291378, 0.0004355079644093556, 0.0004662725358295055, 0.0004457457086703341, 0.0004986954653369528, 0.00042782902424473183, 0.00046457472230291126, 0.0004218777596958846, 0.0004636065761068104, 0.00040004173284354953, 0.00044782730089666856, 0.0004122752013375118]], {'loss': [0.006964422836063022], 'mse': [0.08479100829150704], 'rmse': [0.007326839064016089], 'mae': [0.05091051207008687], 'smape': [0.1574534930368639]}, {'loss': [0.005419645983238297], 'mse': [0.07470967821065835], 'rmse': [0.0057127769223819826], 'mae': [0.046244667812196674], 'smape': [0.1434784578509067]}, [71.92346262931824], 71.92346262931824, [10.239685297012329, 10.061769008636475], 20.301454305648804, MOMENTPipeline(
  (normalizer): RevIN()
  (tokenizer): Patching()
  (patch_embedding): PatchEmbedding(
    (value_embedding): Linear(in_features=8, out_features=512, bias=False)
    (position_embedding): PositionalEmbedding()
    (dropout): Dropout(p=0.1, inplace=False)
  )
  (encoder): T5Stack(
    (embed_tokens): Embedding(32128, 512)
    (block): ModuleList(
      (0): T5Block(
        (layer): ModuleList(
          (0): T5LayerSelfAttention(
            (SelfAttention): T5Attention(
              (q): Linear(in_features=512, out_features=384, bias=False)
              (k): Linear(in_features=512, out_features=384, bias=False)
              (v): Linear(in_features=512, out_features=384, bias=False)
              (o): Linear(in_features=384, out_features=512, bias=False)
              (relative_attention_bias): Embedding(32, 6)
            )
            (layer_norm): T5LayerNorm()
            (dropout): Dropout(p=0.1, inplace=False)
          )
          (1): T5LayerFF(
            (DenseReluDense): T5DenseGatedActDense(
              (wi_0): Linear(in_features=512, out_features=1024, bias=False)
              (wi_1): Linear(in_features=512, out_features=1024, bias=False)
              (wo): Linear(in_features=1024, out_features=512, bias=False)
              (dropout): Dropout(p=0.1, inplace=False)
              (act): NewGELUActivation()
            )
            (layer_norm): T5LayerNorm()
            (dropout): Dropout(p=0.1, inplace=False)
          )
        )
      )
      (1-7): 7 x T5Block(
        (layer): ModuleList(
          (0): T5LayerSelfAttention(
            (SelfAttention): T5Attention(
              (q): Linear(in_features=512, out_features=384, bias=False)
              (k): Linear(in_features=512, out_features=384, bias=False)
              (v): Linear(in_features=512, out_features=384, bias=False)
              (o): Linear(in_features=384, out_features=512, bias=False)
            )
            (layer_norm): T5LayerNorm()
            (dropout): Dropout(p=0.1, inplace=False)
          )
          (1): T5LayerFF(
            (DenseReluDense): T5DenseGatedActDense(
              (wi_0): Linear(in_features=512, out_features=1024, bias=False)
              (wi_1): Linear(in_features=512, out_features=1024, bias=False)
              (wo): Linear(in_features=1024, out_features=512, bias=False)
              (dropout): Dropout(p=0.1, inplace=False)
              (act): NewGELUActivation()
            )
            (layer_norm): T5LayerNorm()
            (dropout): Dropout(p=0.1, inplace=False)
          )
        )
      )
    )
    (final_layer_norm): T5LayerNorm()
    (dropout): Dropout(p=0.1, inplace=False)
  )
  (head): PretrainHead(
    (dropout): Dropout(p=0.1, inplace=False)
    (linear): Linear(in_features=512, out_features=8, bias=True)
  )
), [12], [17], Empty DataFrame
Columns: [window, error]
Index: [])",0.006964422836063022,0.005419645983238297
small,20,0.15,0.25,10,70.04497480392456,0.006964422836063022,0.08479100829150704,0.007326839064016089,0.05091051207008687,[0.1574534930368639],0.0004122752013375118,0.07470967821065835,0.0057127769223819826,0.046244667812196674,0.1434784578509067,[12],[17],"[0.006964422836063022, 0.0005799054789739395, 0.0005943883432857027, 0.0005282890171136907, 0.0005119546559788952, 0.0004981792496567193, 0.00049855174750389, 0.0004994739070493129, 0.0004485854899810095, 0.0004782249551291378, 0.0004355079644093556, 0.0004662725358295055, 0.0004457457086703341, 0.0004986954653369528, 0.00042782902424473183, 0.00046457472230291126, 0.0004218777596958846, 0.0004636065761068104, 0.00040004173284354953, 0.00044782730089666856, 0.0004122752013375118]","{'loss': [0.006964422836063022], 'mse': [0.08479100829150704], 'rmse': [0.007326839064016089], 'mae': [0.05091051207008687], 'smape': [0.1574534930368639]}","{'loss': [0.005419645983238297], 'mse': [0.07470967821065835], 'rmse': [0.0057127769223819826], 'mae': [0.046244667812196674], 'smape': [0.1434784578509067]}","([[0.006964422836063022, 0.0005799054789739395, 0.0005943883432857027, 0.0005282890171136907, 0.0005119546559788952, 0.0004981792496567193, 0.00049855174750389, 0.0004994739070493129, 0.0004485854899810095, 0.0004782249551291378, 0.0004355079644093556, 0.0004662725358295055, 0.0004457457086703341, 0.0004986954653369528, 0.00042782902424473183, 0.00046457472230291126, 0.0004218777596958846, 0.0004636065761068104, 0.00040004173284354953, 0.00044782730089666856, 0.0004122752013375118]], {'loss': [0.006964422836063022], 'mse': [0.08479100829150704], 'rmse': [0.007326839064016089], 'mae': [0.05091051207008687], 'smape': [0.1574534930368639]}, {'loss': [0.005419645983238297], 'mse': [0.07470967821065835], 'rmse': [0.0057127769223819826], 'mae': [0.046244667812196674], 'smape': [0.1434784578509067]}, [70.04497480392456], 70.04497480392456, [10.033129453659058, 9.945088863372803], 19.97821831703186, MOMENTPipeline(
  (normalizer): RevIN()
  (tokenizer): Patching()
  (patch_embedding): PatchEmbedding(
    (value_embedding): Linear(in_features=8, out_features=512, bias=False)
    (position_embedding): PositionalEmbedding()
    (dropout): Dropout(p=0.1, inplace=False)
  )
  (encoder): T5Stack(
    (embed_tokens): Embedding(32128, 512)
    (block): ModuleList(
      (0): T5Block(
        (layer): ModuleList(
          (0): T5LayerSelfAttention(
            (SelfAttention): T5Attention(
              (q): Linear(in_features=512, out_features=384, bias=False)
              (k): Linear(in_features=512, out_features=384, bias=False)
              (v): Linear(in_features=512, out_features=384, bias=False)
              (o): Linear(in_features=384, out_features=512, bias=False)
              (relative_attention_bias): Embedding(32, 6)
            )
            (layer_norm): T5LayerNorm()
            (dropout): Dropout(p=0.1, inplace=False)
          )
          (1): T5LayerFF(
            (DenseReluDense): T5DenseGatedActDense(
              (wi_0): Linear(in_features=512, out_features=1024, bias=False)
              (wi_1): Linear(in_features=512, out_features=1024, bias=False)
              (wo): Linear(in_features=1024, out_features=512, bias=False)
              (dropout): Dropout(p=0.1, inplace=False)
              (act): NewGELUActivation()
            )
            (layer_norm): T5LayerNorm()
            (dropout): Dropout(p=0.1, inplace=False)
          )
        )
      )
      (1-7): 7 x T5Block(
        (layer): ModuleList(
          (0): T5LayerSelfAttention(
            (SelfAttention): T5Attention(
              (q): Linear(in_features=512, out_features=384, bias=False)
              (k): Linear(in_features=512, out_features=384, bias=False)
              (v): Linear(in_features=512, out_features=384, bias=False)
              (o): Linear(in_features=384, out_features=512, bias=False)
            )
            (layer_norm): T5LayerNorm()
            (dropout): Dropout(p=0.1, inplace=False)
          )
          (1): T5LayerFF(
            (DenseReluDense): T5DenseGatedActDense(
              (wi_0): Linear(in_features=512, out_features=1024, bias=False)
              (wi_1): Linear(in_features=512, out_features=1024, bias=False)
              (wo): Linear(in_features=1024, out_features=512, bias=False)
              (dropout): Dropout(p=0.1, inplace=False)
              (act): NewGELUActivation()
            )
            (layer_norm): T5LayerNorm()
            (dropout): Dropout(p=0.1, inplace=False)
          )
        )
      )
    )
    (final_layer_norm): T5LayerNorm()
    (dropout): Dropout(p=0.1, inplace=False)
  )
  (head): PretrainHead(
    (dropout): Dropout(p=0.1, inplace=False)
    (linear): Linear(in_features=512, out_features=8, bias=True)
  )
), [12], [17], Empty DataFrame
Columns: [window, error]
Index: [])",0.006964422836063022,0.005419645983238297
small,20,0.15,0.5,1,70.42611408233643,0.0077310333372224704,0.08941216559262447,0.008137742136884079,0.05346053063653963,[0.16336261505236743],0.00045581808340752365,0.07939091270968854,0.00641230227537303,0.04843222779368074,0.1487418092995042,[12],[17],"[0.0077310333372224704, 0.0005876795538435024, 0.0006090738539309573, 0.0005414773118640628, 0.0005673284608097415, 0.0004900391249975655, 0.0004558678140581053, 0.0005265604668238666, 0.0004884603773202148, 0.0004814942840312142, 0.00044805469328171706, 0.0004754431959424567, 0.0004633532579256488, 0.0005377842447030291, 0.00048446925731176246, 0.0004821485485341067, 0.00041763140792941807, 0.00043986794116790406, 0.0003991200301243225, 0.0004652198185794987, 0.00045581808340752365]","{'loss': [0.0077310333372224704], 'mse': [0.08941216559262447], 'rmse': [0.008137742136884079], 'mae': [0.05346053063653963], 'smape': [0.16336261505236743]}","{'loss': [0.0060823745388915995], 'mse': [0.07939091270968854], 'rmse': [0.00641230227537303], 'mae': [0.04843222779368074], 'smape': [0.1487418092995042]}","([[0.0077310333372224704, 0.0005876795538435024, 0.0006090738539309573, 0.0005414773118640628, 0.0005673284608097415, 0.0004900391249975655, 0.0004558678140581053, 0.0005265604668238666, 0.0004884603773202148, 0.0004814942840312142, 0.00044805469328171706, 0.0004754431959424567, 0.0004633532579256488, 0.0005377842447030291, 0.00048446925731176246, 0.0004821485485341067, 0.00041763140792941807, 0.00043986794116790406, 0.0003991200301243225, 0.0004652198185794987, 0.00045581808340752365]], {'loss': [0.0077310333372224704], 'mse': [0.08941216559262447], 'rmse': [0.008137742136884079], 'mae': [0.05346053063653963], 'smape': [0.16336261505236743]}, {'loss': [0.0060823745388915995], 'mse': [0.07939091270968854], 'rmse': [0.00641230227537303], 'mae': [0.04843222779368074], 'smape': [0.1487418092995042]}, [70.42611408233643], 70.42611408233643, [9.945698022842407, 10.080230712890625], 20.025928735733032, MOMENTPipeline(
  (normalizer): RevIN()
  (tokenizer): Patching()
  (patch_embedding): PatchEmbedding(
    (value_embedding): Linear(in_features=8, out_features=512, bias=False)
    (position_embedding): PositionalEmbedding()
    (dropout): Dropout(p=0.1, inplace=False)
  )
  (encoder): T5Stack(
    (embed_tokens): Embedding(32128, 512)
    (block): ModuleList(
      (0): T5Block(
        (layer): ModuleList(
          (0): T5LayerSelfAttention(
            (SelfAttention): T5Attention(
              (q): Linear(in_features=512, out_features=384, bias=False)
              (k): Linear(in_features=512, out_features=384, bias=False)
              (v): Linear(in_features=512, out_features=384, bias=False)
              (o): Linear(in_features=384, out_features=512, bias=False)
              (relative_attention_bias): Embedding(32, 6)
            )
            (layer_norm): T5LayerNorm()
            (dropout): Dropout(p=0.1, inplace=False)
          )
          (1): T5LayerFF(
            (DenseReluDense): T5DenseGatedActDense(
              (wi_0): Linear(in_features=512, out_features=1024, bias=False)
              (wi_1): Linear(in_features=512, out_features=1024, bias=False)
              (wo): Linear(in_features=1024, out_features=512, bias=False)
              (dropout): Dropout(p=0.1, inplace=False)
              (act): NewGELUActivation()
            )
            (layer_norm): T5LayerNorm()
            (dropout): Dropout(p=0.1, inplace=False)
          )
        )
      )
      (1-7): 7 x T5Block(
        (layer): ModuleList(
          (0): T5LayerSelfAttention(
            (SelfAttention): T5Attention(
              (q): Linear(in_features=512, out_features=384, bias=False)
              (k): Linear(in_features=512, out_features=384, bias=False)
              (v): Linear(in_features=512, out_features=384, bias=False)
              (o): Linear(in_features=384, out_features=512, bias=False)
            )
            (layer_norm): T5LayerNorm()
            (dropout): Dropout(p=0.1, inplace=False)
          )
          (1): T5LayerFF(
            (DenseReluDense): T5DenseGatedActDense(
              (wi_0): Linear(in_features=512, out_features=1024, bias=False)
              (wi_1): Linear(in_features=512, out_features=1024, bias=False)
              (wo): Linear(in_features=1024, out_features=512, bias=False)
              (dropout): Dropout(p=0.1, inplace=False)
              (act): NewGELUActivation()
            )
            (layer_norm): T5LayerNorm()
            (dropout): Dropout(p=0.1, inplace=False)
          )
        )
      )
    )
    (final_layer_norm): T5LayerNorm()
    (dropout): Dropout(p=0.1, inplace=False)
  )
  (head): PretrainHead(
    (dropout): Dropout(p=0.1, inplace=False)
    (linear): Linear(in_features=512, out_features=8, bias=True)
  )
), [12], [17], Empty DataFrame
Columns: [window, error]
Index: [])",0.0077310333372224704,0.0060823745388915995
small,20,0.15,0.5,2,70.262366771698,0.0077310333372224704,0.08941216559262447,0.008137742136884079,0.05346053063653963,[0.16336261505236743],0.00045581808340752365,0.07939091270968854,0.00641230227537303,0.04843222779368074,0.1487418092995042,[12],[17],"[0.0077310333372224704, 0.0005876795538435024, 0.0006090738539309573, 0.0005414773118640628, 0.0005673284608097415, 0.0004900391249975655, 0.0004558678140581053, 0.0005265604668238666, 0.0004884603773202148, 0.0004814942840312142, 0.00044805469328171706, 0.0004754431959424567, 0.0004633532579256488, 0.0005377842447030291, 0.00048446925731176246, 0.0004821485485341067, 0.00041763140792941807, 0.00043986794116790406, 0.0003991200301243225, 0.0004652198185794987, 0.00045581808340752365]","{'loss': [0.0077310333372224704], 'mse': [0.08941216559262447], 'rmse': [0.008137742136884079], 'mae': [0.05346053063653963], 'smape': [0.16336261505236743]}","{'loss': [0.0060823745388915995], 'mse': [0.07939091270968854], 'rmse': [0.00641230227537303], 'mae': [0.04843222779368074], 'smape': [0.1487418092995042]}","([[0.0077310333372224704, 0.0005876795538435024, 0.0006090738539309573, 0.0005414773118640628, 0.0005673284608097415, 0.0004900391249975655, 0.0004558678140581053, 0.0005265604668238666, 0.0004884603773202148, 0.0004814942840312142, 0.00044805469328171706, 0.0004754431959424567, 0.0004633532579256488, 0.0005377842447030291, 0.00048446925731176246, 0.0004821485485341067, 0.00041763140792941807, 0.00043986794116790406, 0.0003991200301243225, 0.0004652198185794987, 0.00045581808340752365]], {'loss': [0.0077310333372224704], 'mse': [0.08941216559262447], 'rmse': [0.008137742136884079], 'mae': [0.05346053063653963], 'smape': [0.16336261505236743]}, {'loss': [0.0060823745388915995], 'mse': [0.07939091270968854], 'rmse': [0.00641230227537303], 'mae': [0.04843222779368074], 'smape': [0.1487418092995042]}, [70.262366771698], 70.262366771698, [10.03373384475708, 10.053916454315186], 20.087650299072266, MOMENTPipeline(
  (normalizer): RevIN()
  (tokenizer): Patching()
  (patch_embedding): PatchEmbedding(
    (value_embedding): Linear(in_features=8, out_features=512, bias=False)
    (position_embedding): PositionalEmbedding()
    (dropout): Dropout(p=0.1, inplace=False)
  )
  (encoder): T5Stack(
    (embed_tokens): Embedding(32128, 512)
    (block): ModuleList(
      (0): T5Block(
        (layer): ModuleList(
          (0): T5LayerSelfAttention(
            (SelfAttention): T5Attention(
              (q): Linear(in_features=512, out_features=384, bias=False)
              (k): Linear(in_features=512, out_features=384, bias=False)
              (v): Linear(in_features=512, out_features=384, bias=False)
              (o): Linear(in_features=384, out_features=512, bias=False)
              (relative_attention_bias): Embedding(32, 6)
            )
            (layer_norm): T5LayerNorm()
            (dropout): Dropout(p=0.1, inplace=False)
          )
          (1): T5LayerFF(
            (DenseReluDense): T5DenseGatedActDense(
              (wi_0): Linear(in_features=512, out_features=1024, bias=False)
              (wi_1): Linear(in_features=512, out_features=1024, bias=False)
              (wo): Linear(in_features=1024, out_features=512, bias=False)
              (dropout): Dropout(p=0.1, inplace=False)
              (act): NewGELUActivation()
            )
            (layer_norm): T5LayerNorm()
            (dropout): Dropout(p=0.1, inplace=False)
          )
        )
      )
      (1-7): 7 x T5Block(
        (layer): ModuleList(
          (0): T5LayerSelfAttention(
            (SelfAttention): T5Attention(
              (q): Linear(in_features=512, out_features=384, bias=False)
              (k): Linear(in_features=512, out_features=384, bias=False)
              (v): Linear(in_features=512, out_features=384, bias=False)
              (o): Linear(in_features=384, out_features=512, bias=False)
            )
            (layer_norm): T5LayerNorm()
            (dropout): Dropout(p=0.1, inplace=False)
          )
          (1): T5LayerFF(
            (DenseReluDense): T5DenseGatedActDense(
              (wi_0): Linear(in_features=512, out_features=1024, bias=False)
              (wi_1): Linear(in_features=512, out_features=1024, bias=False)
              (wo): Linear(in_features=1024, out_features=512, bias=False)
              (dropout): Dropout(p=0.1, inplace=False)
              (act): NewGELUActivation()
            )
            (layer_norm): T5LayerNorm()
            (dropout): Dropout(p=0.1, inplace=False)
          )
        )
      )
    )
    (final_layer_norm): T5LayerNorm()
    (dropout): Dropout(p=0.1, inplace=False)
  )
  (head): PretrainHead(
    (dropout): Dropout(p=0.1, inplace=False)
    (linear): Linear(in_features=512, out_features=8, bias=True)
  )
), [12], [17], Empty DataFrame
Columns: [window, error]
Index: [])",0.0077310333372224704,0.0060823745388915995
small,20,0.15,0.5,4,70.28134679794312,0.0077310333372224704,0.08941216559262447,0.008137742136884079,0.05346053063653963,[0.16336261505236743],0.00045581808340752365,0.07939091270968854,0.00641230227537303,0.04843222779368074,0.1487418092995042,[12],[17],"[0.0077310333372224704, 0.0005876795538435024, 0.0006090738539309573, 0.0005414773118640628, 0.0005673284608097415, 0.0004900391249975655, 0.0004558678140581053, 0.0005265604668238666, 0.0004884603773202148, 0.0004814942840312142, 0.00044805469328171706, 0.0004754431959424567, 0.0004633532579256488, 0.0005377842447030291, 0.00048446925731176246, 0.0004821485485341067, 0.00041763140792941807, 0.00043986794116790406, 0.0003991200301243225, 0.0004652198185794987, 0.00045581808340752365]","{'loss': [0.0077310333372224704], 'mse': [0.08941216559262447], 'rmse': [0.008137742136884079], 'mae': [0.05346053063653963], 'smape': [0.16336261505236743]}","{'loss': [0.0060823745388915995], 'mse': [0.07939091270968854], 'rmse': [0.00641230227537303], 'mae': [0.04843222779368074], 'smape': [0.1487418092995042]}","([[0.0077310333372224704, 0.0005876795538435024, 0.0006090738539309573, 0.0005414773118640628, 0.0005673284608097415, 0.0004900391249975655, 0.0004558678140581053, 0.0005265604668238666, 0.0004884603773202148, 0.0004814942840312142, 0.00044805469328171706, 0.0004754431959424567, 0.0004633532579256488, 0.0005377842447030291, 0.00048446925731176246, 0.0004821485485341067, 0.00041763140792941807, 0.00043986794116790406, 0.0003991200301243225, 0.0004652198185794987, 0.00045581808340752365]], {'loss': [0.0077310333372224704], 'mse': [0.08941216559262447], 'rmse': [0.008137742136884079], 'mae': [0.05346053063653963], 'smape': [0.16336261505236743]}, {'loss': [0.0060823745388915995], 'mse': [0.07939091270968854], 'rmse': [0.00641230227537303], 'mae': [0.04843222779368074], 'smape': [0.1487418092995042]}, [70.28134679794312], 70.28134679794312, [10.034953594207764, 10.06910753250122], 20.104061126708984, MOMENTPipeline(
  (normalizer): RevIN()
  (tokenizer): Patching()
  (patch_embedding): PatchEmbedding(
    (value_embedding): Linear(in_features=8, out_features=512, bias=False)
    (position_embedding): PositionalEmbedding()
    (dropout): Dropout(p=0.1, inplace=False)
  )
  (encoder): T5Stack(
    (embed_tokens): Embedding(32128, 512)
    (block): ModuleList(
      (0): T5Block(
        (layer): ModuleList(
          (0): T5LayerSelfAttention(
            (SelfAttention): T5Attention(
              (q): Linear(in_features=512, out_features=384, bias=False)
              (k): Linear(in_features=512, out_features=384, bias=False)
              (v): Linear(in_features=512, out_features=384, bias=False)
              (o): Linear(in_features=384, out_features=512, bias=False)
              (relative_attention_bias): Embedding(32, 6)
            )
            (layer_norm): T5LayerNorm()
            (dropout): Dropout(p=0.1, inplace=False)
          )
          (1): T5LayerFF(
            (DenseReluDense): T5DenseGatedActDense(
              (wi_0): Linear(in_features=512, out_features=1024, bias=False)
              (wi_1): Linear(in_features=512, out_features=1024, bias=False)
              (wo): Linear(in_features=1024, out_features=512, bias=False)
              (dropout): Dropout(p=0.1, inplace=False)
              (act): NewGELUActivation()
            )
            (layer_norm): T5LayerNorm()
            (dropout): Dropout(p=0.1, inplace=False)
          )
        )
      )
      (1-7): 7 x T5Block(
        (layer): ModuleList(
          (0): T5LayerSelfAttention(
            (SelfAttention): T5Attention(
              (q): Linear(in_features=512, out_features=384, bias=False)
              (k): Linear(in_features=512, out_features=384, bias=False)
              (v): Linear(in_features=512, out_features=384, bias=False)
              (o): Linear(in_features=384, out_features=512, bias=False)
            )
            (layer_norm): T5LayerNorm()
            (dropout): Dropout(p=0.1, inplace=False)
          )
          (1): T5LayerFF(
            (DenseReluDense): T5DenseGatedActDense(
              (wi_0): Linear(in_features=512, out_features=1024, bias=False)
              (wi_1): Linear(in_features=512, out_features=1024, bias=False)
              (wo): Linear(in_features=1024, out_features=512, bias=False)
              (dropout): Dropout(p=0.1, inplace=False)
              (act): NewGELUActivation()
            )
            (layer_norm): T5LayerNorm()
            (dropout): Dropout(p=0.1, inplace=False)
          )
        )
      )
    )
    (final_layer_norm): T5LayerNorm()
    (dropout): Dropout(p=0.1, inplace=False)
  )
  (head): PretrainHead(
    (dropout): Dropout(p=0.1, inplace=False)
    (linear): Linear(in_features=512, out_features=8, bias=True)
  )
), [12], [17], Empty DataFrame
Columns: [window, error]
Index: [])",0.0077310333372224704,0.0060823745388915995
small,20,0.15,0.5,6,71.18086504936218,0.0077310333372224704,0.08941216559262447,0.008137742136884079,0.05346053063653963,[0.16336261505236743],0.00045581808340752365,0.07939091270968854,0.00641230227537303,0.04843222779368074,0.1487418092995042,[12],[17],"[0.0077310333372224704, 0.0005876795538435024, 0.0006090738539309573, 0.0005414773118640628, 0.0005673284608097415, 0.0004900391249975655, 0.0004558678140581053, 0.0005265604668238666, 0.0004884603773202148, 0.0004814942840312142, 0.00044805469328171706, 0.0004754431959424567, 0.0004633532579256488, 0.0005377842447030291, 0.00048446925731176246, 0.0004821485485341067, 0.00041763140792941807, 0.00043986794116790406, 0.0003991200301243225, 0.0004652198185794987, 0.00045581808340752365]","{'loss': [0.0077310333372224704], 'mse': [0.08941216559262447], 'rmse': [0.008137742136884079], 'mae': [0.05346053063653963], 'smape': [0.16336261505236743]}","{'loss': [0.0060823745388915995], 'mse': [0.07939091270968854], 'rmse': [0.00641230227537303], 'mae': [0.04843222779368074], 'smape': [0.1487418092995042]}","([[0.0077310333372224704, 0.0005876795538435024, 0.0006090738539309573, 0.0005414773118640628, 0.0005673284608097415, 0.0004900391249975655, 0.0004558678140581053, 0.0005265604668238666, 0.0004884603773202148, 0.0004814942840312142, 0.00044805469328171706, 0.0004754431959424567, 0.0004633532579256488, 0.0005377842447030291, 0.00048446925731176246, 0.0004821485485341067, 0.00041763140792941807, 0.00043986794116790406, 0.0003991200301243225, 0.0004652198185794987, 0.00045581808340752365]], {'loss': [0.0077310333372224704], 'mse': [0.08941216559262447], 'rmse': [0.008137742136884079], 'mae': [0.05346053063653963], 'smape': [0.16336261505236743]}, {'loss': [0.0060823745388915995], 'mse': [0.07939091270968854], 'rmse': [0.00641230227537303], 'mae': [0.04843222779368074], 'smape': [0.1487418092995042]}, [71.18086504936218], 71.18086504936218, [10.102448225021362, 10.153163433074951], 20.255611658096313, MOMENTPipeline(
  (normalizer): RevIN()
  (tokenizer): Patching()
  (patch_embedding): PatchEmbedding(
    (value_embedding): Linear(in_features=8, out_features=512, bias=False)
    (position_embedding): PositionalEmbedding()
    (dropout): Dropout(p=0.1, inplace=False)
  )
  (encoder): T5Stack(
    (embed_tokens): Embedding(32128, 512)
    (block): ModuleList(
      (0): T5Block(
        (layer): ModuleList(
          (0): T5LayerSelfAttention(
            (SelfAttention): T5Attention(
              (q): Linear(in_features=512, out_features=384, bias=False)
              (k): Linear(in_features=512, out_features=384, bias=False)
              (v): Linear(in_features=512, out_features=384, bias=False)
              (o): Linear(in_features=384, out_features=512, bias=False)
              (relative_attention_bias): Embedding(32, 6)
            )
            (layer_norm): T5LayerNorm()
            (dropout): Dropout(p=0.1, inplace=False)
          )
          (1): T5LayerFF(
            (DenseReluDense): T5DenseGatedActDense(
              (wi_0): Linear(in_features=512, out_features=1024, bias=False)
              (wi_1): Linear(in_features=512, out_features=1024, bias=False)
              (wo): Linear(in_features=1024, out_features=512, bias=False)
              (dropout): Dropout(p=0.1, inplace=False)
              (act): NewGELUActivation()
            )
            (layer_norm): T5LayerNorm()
            (dropout): Dropout(p=0.1, inplace=False)
          )
        )
      )
      (1-7): 7 x T5Block(
        (layer): ModuleList(
          (0): T5LayerSelfAttention(
            (SelfAttention): T5Attention(
              (q): Linear(in_features=512, out_features=384, bias=False)
              (k): Linear(in_features=512, out_features=384, bias=False)
              (v): Linear(in_features=512, out_features=384, bias=False)
              (o): Linear(in_features=384, out_features=512, bias=False)
            )
            (layer_norm): T5LayerNorm()
            (dropout): Dropout(p=0.1, inplace=False)
          )
          (1): T5LayerFF(
            (DenseReluDense): T5DenseGatedActDense(
              (wi_0): Linear(in_features=512, out_features=1024, bias=False)
              (wi_1): Linear(in_features=512, out_features=1024, bias=False)
              (wo): Linear(in_features=1024, out_features=512, bias=False)
              (dropout): Dropout(p=0.1, inplace=False)
              (act): NewGELUActivation()
            )
            (layer_norm): T5LayerNorm()
            (dropout): Dropout(p=0.1, inplace=False)
          )
        )
      )
    )
    (final_layer_norm): T5LayerNorm()
    (dropout): Dropout(p=0.1, inplace=False)
  )
  (head): PretrainHead(
    (dropout): Dropout(p=0.1, inplace=False)
    (linear): Linear(in_features=512, out_features=8, bias=True)
  )
), [12], [17], Empty DataFrame
Columns: [window, error]
Index: [])",0.0077310333372224704,0.0060823745388915995
small,20,0.15,0.5,8,70.62996482849121,0.0077310333372224704,0.08941216559262447,0.008137742136884079,0.05346053063653963,[0.16336261505236743],0.00045581808340752365,0.07939091270968854,0.00641230227537303,0.04843222779368074,0.1487418092995042,[12],[17],"[0.0077310333372224704, 0.0005876795538435024, 0.0006090738539309573, 0.0005414773118640628, 0.0005673284608097415, 0.0004900391249975655, 0.0004558678140581053, 0.0005265604668238666, 0.0004884603773202148, 0.0004814942840312142, 0.00044805469328171706, 0.0004754431959424567, 0.0004633532579256488, 0.0005377842447030291, 0.00048446925731176246, 0.0004821485485341067, 0.00041763140792941807, 0.00043986794116790406, 0.0003991200301243225, 0.0004652198185794987, 0.00045581808340752365]","{'loss': [0.0077310333372224704], 'mse': [0.08941216559262447], 'rmse': [0.008137742136884079], 'mae': [0.05346053063653963], 'smape': [0.16336261505236743]}","{'loss': [0.0060823745388915995], 'mse': [0.07939091270968854], 'rmse': [0.00641230227537303], 'mae': [0.04843222779368074], 'smape': [0.1487418092995042]}","([[0.0077310333372224704, 0.0005876795538435024, 0.0006090738539309573, 0.0005414773118640628, 0.0005673284608097415, 0.0004900391249975655, 0.0004558678140581053, 0.0005265604668238666, 0.0004884603773202148, 0.0004814942840312142, 0.00044805469328171706, 0.0004754431959424567, 0.0004633532579256488, 0.0005377842447030291, 0.00048446925731176246, 0.0004821485485341067, 0.00041763140792941807, 0.00043986794116790406, 0.0003991200301243225, 0.0004652198185794987, 0.00045581808340752365]], {'loss': [0.0077310333372224704], 'mse': [0.08941216559262447], 'rmse': [0.008137742136884079], 'mae': [0.05346053063653963], 'smape': [0.16336261505236743]}, {'loss': [0.0060823745388915995], 'mse': [0.07939091270968854], 'rmse': [0.00641230227537303], 'mae': [0.04843222779368074], 'smape': [0.1487418092995042]}, [70.62996482849121], 70.62996482849121, [9.991435766220093, 9.982620000839233], 19.974055767059326, MOMENTPipeline(
  (normalizer): RevIN()
  (tokenizer): Patching()
  (patch_embedding): PatchEmbedding(
    (value_embedding): Linear(in_features=8, out_features=512, bias=False)
    (position_embedding): PositionalEmbedding()
    (dropout): Dropout(p=0.1, inplace=False)
  )
  (encoder): T5Stack(
    (embed_tokens): Embedding(32128, 512)
    (block): ModuleList(
      (0): T5Block(
        (layer): ModuleList(
          (0): T5LayerSelfAttention(
            (SelfAttention): T5Attention(
              (q): Linear(in_features=512, out_features=384, bias=False)
              (k): Linear(in_features=512, out_features=384, bias=False)
              (v): Linear(in_features=512, out_features=384, bias=False)
              (o): Linear(in_features=384, out_features=512, bias=False)
              (relative_attention_bias): Embedding(32, 6)
            )
            (layer_norm): T5LayerNorm()
            (dropout): Dropout(p=0.1, inplace=False)
          )
          (1): T5LayerFF(
            (DenseReluDense): T5DenseGatedActDense(
              (wi_0): Linear(in_features=512, out_features=1024, bias=False)
              (wi_1): Linear(in_features=512, out_features=1024, bias=False)
              (wo): Linear(in_features=1024, out_features=512, bias=False)
              (dropout): Dropout(p=0.1, inplace=False)
              (act): NewGELUActivation()
            )
            (layer_norm): T5LayerNorm()
            (dropout): Dropout(p=0.1, inplace=False)
          )
        )
      )
      (1-7): 7 x T5Block(
        (layer): ModuleList(
          (0): T5LayerSelfAttention(
            (SelfAttention): T5Attention(
              (q): Linear(in_features=512, out_features=384, bias=False)
              (k): Linear(in_features=512, out_features=384, bias=False)
              (v): Linear(in_features=512, out_features=384, bias=False)
              (o): Linear(in_features=384, out_features=512, bias=False)
            )
            (layer_norm): T5LayerNorm()
            (dropout): Dropout(p=0.1, inplace=False)
          )
          (1): T5LayerFF(
            (DenseReluDense): T5DenseGatedActDense(
              (wi_0): Linear(in_features=512, out_features=1024, bias=False)
              (wi_1): Linear(in_features=512, out_features=1024, bias=False)
              (wo): Linear(in_features=1024, out_features=512, bias=False)
              (dropout): Dropout(p=0.1, inplace=False)
              (act): NewGELUActivation()
            )
            (layer_norm): T5LayerNorm()
            (dropout): Dropout(p=0.1, inplace=False)
          )
        )
      )
    )
    (final_layer_norm): T5LayerNorm()
    (dropout): Dropout(p=0.1, inplace=False)
  )
  (head): PretrainHead(
    (dropout): Dropout(p=0.1, inplace=False)
    (linear): Linear(in_features=512, out_features=8, bias=True)
  )
), [12], [17], Empty DataFrame
Columns: [window, error]
Index: [])",0.0077310333372224704,0.0060823745388915995
small,20,0.15,0.5,10,71.17362093925476,0.0077310333372224704,0.08941216559262447,0.008137742136884079,0.05346053063653963,[0.16336261505236743],0.00045581808340752365,0.07939091270968854,0.00641230227537303,0.04843222779368074,0.1487418092995042,[12],[17],"[0.0077310333372224704, 0.0005876795538435024, 0.0006090738539309573, 0.0005414773118640628, 0.0005673284608097415, 0.0004900391249975655, 0.0004558678140581053, 0.0005265604668238666, 0.0004884603773202148, 0.0004814942840312142, 0.00044805469328171706, 0.0004754431959424567, 0.0004633532579256488, 0.0005377842447030291, 0.00048446925731176246, 0.0004821485485341067, 0.00041763140792941807, 0.00043986794116790406, 0.0003991200301243225, 0.0004652198185794987, 0.00045581808340752365]","{'loss': [0.0077310333372224704], 'mse': [0.08941216559262447], 'rmse': [0.008137742136884079], 'mae': [0.05346053063653963], 'smape': [0.16336261505236743]}","{'loss': [0.0060823745388915995], 'mse': [0.07939091270968854], 'rmse': [0.00641230227537303], 'mae': [0.04843222779368074], 'smape': [0.1487418092995042]}","([[0.0077310333372224704, 0.0005876795538435024, 0.0006090738539309573, 0.0005414773118640628, 0.0005673284608097415, 0.0004900391249975655, 0.0004558678140581053, 0.0005265604668238666, 0.0004884603773202148, 0.0004814942840312142, 0.00044805469328171706, 0.0004754431959424567, 0.0004633532579256488, 0.0005377842447030291, 0.00048446925731176246, 0.0004821485485341067, 0.00041763140792941807, 0.00043986794116790406, 0.0003991200301243225, 0.0004652198185794987, 0.00045581808340752365]], {'loss': [0.0077310333372224704], 'mse': [0.08941216559262447], 'rmse': [0.008137742136884079], 'mae': [0.05346053063653963], 'smape': [0.16336261505236743]}, {'loss': [0.0060823745388915995], 'mse': [0.07939091270968854], 'rmse': [0.00641230227537303], 'mae': [0.04843222779368074], 'smape': [0.1487418092995042]}, [71.17362093925476], 71.17362093925476, [10.112862586975098, 10.096408367156982], 20.20927095413208, MOMENTPipeline(
  (normalizer): RevIN()
  (tokenizer): Patching()
  (patch_embedding): PatchEmbedding(
    (value_embedding): Linear(in_features=8, out_features=512, bias=False)
    (position_embedding): PositionalEmbedding()
    (dropout): Dropout(p=0.1, inplace=False)
  )
  (encoder): T5Stack(
    (embed_tokens): Embedding(32128, 512)
    (block): ModuleList(
      (0): T5Block(
        (layer): ModuleList(
          (0): T5LayerSelfAttention(
            (SelfAttention): T5Attention(
              (q): Linear(in_features=512, out_features=384, bias=False)
              (k): Linear(in_features=512, out_features=384, bias=False)
              (v): Linear(in_features=512, out_features=384, bias=False)
              (o): Linear(in_features=384, out_features=512, bias=False)
              (relative_attention_bias): Embedding(32, 6)
            )
            (layer_norm): T5LayerNorm()
            (dropout): Dropout(p=0.1, inplace=False)
          )
          (1): T5LayerFF(
            (DenseReluDense): T5DenseGatedActDense(
              (wi_0): Linear(in_features=512, out_features=1024, bias=False)
              (wi_1): Linear(in_features=512, out_features=1024, bias=False)
              (wo): Linear(in_features=1024, out_features=512, bias=False)
              (dropout): Dropout(p=0.1, inplace=False)
              (act): NewGELUActivation()
            )
            (layer_norm): T5LayerNorm()
            (dropout): Dropout(p=0.1, inplace=False)
          )
        )
      )
      (1-7): 7 x T5Block(
        (layer): ModuleList(
          (0): T5LayerSelfAttention(
            (SelfAttention): T5Attention(
              (q): Linear(in_features=512, out_features=384, bias=False)
              (k): Linear(in_features=512, out_features=384, bias=False)
              (v): Linear(in_features=512, out_features=384, bias=False)
              (o): Linear(in_features=384, out_features=512, bias=False)
            )
            (layer_norm): T5LayerNorm()
            (dropout): Dropout(p=0.1, inplace=False)
          )
          (1): T5LayerFF(
            (DenseReluDense): T5DenseGatedActDense(
              (wi_0): Linear(in_features=512, out_features=1024, bias=False)
              (wi_1): Linear(in_features=512, out_features=1024, bias=False)
              (wo): Linear(in_features=1024, out_features=512, bias=False)
              (dropout): Dropout(p=0.1, inplace=False)
              (act): NewGELUActivation()
            )
            (layer_norm): T5LayerNorm()
            (dropout): Dropout(p=0.1, inplace=False)
          )
        )
      )
    )
    (final_layer_norm): T5LayerNorm()
    (dropout): Dropout(p=0.1, inplace=False)
  )
  (head): PretrainHead(
    (dropout): Dropout(p=0.1, inplace=False)
    (linear): Linear(in_features=512, out_features=8, bias=True)
  )
), [12], [17], Empty DataFrame
Columns: [window, error]
Index: [])",0.0077310333372224704,0.0060823745388915995
small,20,0.15,0.75,1,71.72464346885681,0.007720991549831524,0.08960478487788669,0.008122930929018522,0.05147128199681271,[0.1581072754192917],0.0005376744156819768,0.08294401907193541,0.006965604911621564,0.04820120893418789,0.1498701256360816,[12],[15],"[0.007720991549831524, 0.000583612470758713, 0.0006800316753339887, 0.0005875791352342016, 0.000637187686931741, 0.0006348584101942834, 0.0005726055096602067, 0.0005645107188943907, 0.0005290928384056315, 0.0005345235393698593, 0.0005465614480531908, 0.0005338823123435889, 0.0005274218695246548, 0.0005293622047507337, 0.00046337382601840157, 0.0004921359645127918, 0.00042377383839006403, 0.0005398048696016693, 0.0005050891923019662, 0.0005772527157595116, 0.0005376744156819768]","{'loss': [0.007720991549831524], 'mse': [0.08960478487788669], 'rmse': [0.008122930929018522], 'mae': [0.05147128199681271], 'smape': [0.1581072754192917]}","{'loss': [0.0066106047579523874], 'mse': [0.08294401907193541], 'rmse': [0.006965604911621564], 'mae': [0.04820120893418789], 'smape': [0.1498701256360816]}","([[0.007720991549831524, 0.000583612470758713, 0.0006800316753339887, 0.0005875791352342016, 0.000637187686931741, 0.0006348584101942834, 0.0005726055096602067, 0.0005645107188943907, 0.0005290928384056315, 0.0005345235393698593, 0.0005465614480531908, 0.0005338823123435889, 0.0005274218695246548, 0.0005293622047507337, 0.00046337382601840157, 0.0004921359645127918, 0.00042377383839006403, 0.0005398048696016693, 0.0005050891923019662, 0.0005772527157595116, 0.0005376744156819768]], {'loss': [0.007720991549831524], 'mse': [0.08960478487788669], 'rmse': [0.008122930929018522], 'mae': [0.05147128199681271], 'smape': [0.1581072754192917]}, {'loss': [0.0066106047579523874], 'mse': [0.08294401907193541], 'rmse': [0.006965604911621564], 'mae': [0.04820120893418789], 'smape': [0.1498701256360816]}, [71.72464346885681], 71.72464346885681, [10.66992998123169, 10.470414161682129], 21.14034414291382, MOMENTPipeline(
  (normalizer): RevIN()
  (tokenizer): Patching()
  (patch_embedding): PatchEmbedding(
    (value_embedding): Linear(in_features=8, out_features=512, bias=False)
    (position_embedding): PositionalEmbedding()
    (dropout): Dropout(p=0.1, inplace=False)
  )
  (encoder): T5Stack(
    (embed_tokens): Embedding(32128, 512)
    (block): ModuleList(
      (0): T5Block(
        (layer): ModuleList(
          (0): T5LayerSelfAttention(
            (SelfAttention): T5Attention(
              (q): Linear(in_features=512, out_features=384, bias=False)
              (k): Linear(in_features=512, out_features=384, bias=False)
              (v): Linear(in_features=512, out_features=384, bias=False)
              (o): Linear(in_features=384, out_features=512, bias=False)
              (relative_attention_bias): Embedding(32, 6)
            )
            (layer_norm): T5LayerNorm()
            (dropout): Dropout(p=0.1, inplace=False)
          )
          (1): T5LayerFF(
            (DenseReluDense): T5DenseGatedActDense(
              (wi_0): Linear(in_features=512, out_features=1024, bias=False)
              (wi_1): Linear(in_features=512, out_features=1024, bias=False)
              (wo): Linear(in_features=1024, out_features=512, bias=False)
              (dropout): Dropout(p=0.1, inplace=False)
              (act): NewGELUActivation()
            )
            (layer_norm): T5LayerNorm()
            (dropout): Dropout(p=0.1, inplace=False)
          )
        )
      )
      (1-7): 7 x T5Block(
        (layer): ModuleList(
          (0): T5LayerSelfAttention(
            (SelfAttention): T5Attention(
              (q): Linear(in_features=512, out_features=384, bias=False)
              (k): Linear(in_features=512, out_features=384, bias=False)
              (v): Linear(in_features=512, out_features=384, bias=False)
              (o): Linear(in_features=384, out_features=512, bias=False)
            )
            (layer_norm): T5LayerNorm()
            (dropout): Dropout(p=0.1, inplace=False)
          )
          (1): T5LayerFF(
            (DenseReluDense): T5DenseGatedActDense(
              (wi_0): Linear(in_features=512, out_features=1024, bias=False)
              (wi_1): Linear(in_features=512, out_features=1024, bias=False)
              (wo): Linear(in_features=1024, out_features=512, bias=False)
              (dropout): Dropout(p=0.1, inplace=False)
              (act): NewGELUActivation()
            )
            (layer_norm): T5LayerNorm()
            (dropout): Dropout(p=0.1, inplace=False)
          )
        )
      )
    )
    (final_layer_norm): T5LayerNorm()
    (dropout): Dropout(p=0.1, inplace=False)
  )
  (head): PretrainHead(
    (dropout): Dropout(p=0.1, inplace=False)
    (linear): Linear(in_features=512, out_features=8, bias=True)
  )
), [12], [15], Empty DataFrame
Columns: [window, error]
Index: [])",0.007720991549831524,0.0066106047579523874
small,20,0.15,0.75,2,71.22626256942749,0.007720991549831524,0.08960478487788669,0.008122930929018522,0.05147128199681271,[0.1581072754192917],0.0005376744156819768,0.08294401907193541,0.006965604911621564,0.04820120893418789,0.1498701256360816,[12],[15],"[0.007720991549831524, 0.000583612470758713, 0.0006800316753339887, 0.0005875791352342016, 0.000637187686931741, 0.0006348584101942834, 0.0005726055096602067, 0.0005645107188943907, 0.0005290928384056315, 0.0005345235393698593, 0.0005465614480531908, 0.0005338823123435889, 0.0005274218695246548, 0.0005293622047507337, 0.00046337382601840157, 0.0004921359645127918, 0.00042377383839006403, 0.0005398048696016693, 0.0005050891923019662, 0.0005772527157595116, 0.0005376744156819768]","{'loss': [0.007720991549831524], 'mse': [0.08960478487788669], 'rmse': [0.008122930929018522], 'mae': [0.05147128199681271], 'smape': [0.1581072754192917]}","{'loss': [0.0066106047579523874], 'mse': [0.08294401907193541], 'rmse': [0.006965604911621564], 'mae': [0.04820120893418789], 'smape': [0.1498701256360816]}","([[0.007720991549831524, 0.000583612470758713, 0.0006800316753339887, 0.0005875791352342016, 0.000637187686931741, 0.0006348584101942834, 0.0005726055096602067, 0.0005645107188943907, 0.0005290928384056315, 0.0005345235393698593, 0.0005465614480531908, 0.0005338823123435889, 0.0005274218695246548, 0.0005293622047507337, 0.00046337382601840157, 0.0004921359645127918, 0.00042377383839006403, 0.0005398048696016693, 0.0005050891923019662, 0.0005772527157595116, 0.0005376744156819768]], {'loss': [0.007720991549831524], 'mse': [0.08960478487788669], 'rmse': [0.008122930929018522], 'mae': [0.05147128199681271], 'smape': [0.1581072754192917]}, {'loss': [0.0066106047579523874], 'mse': [0.08294401907193541], 'rmse': [0.006965604911621564], 'mae': [0.04820120893418789], 'smape': [0.1498701256360816]}, [71.22626256942749], 71.22626256942749, [10.139817953109741, 10.044391870498657], 20.1842098236084, MOMENTPipeline(
  (normalizer): RevIN()
  (tokenizer): Patching()
  (patch_embedding): PatchEmbedding(
    (value_embedding): Linear(in_features=8, out_features=512, bias=False)
    (position_embedding): PositionalEmbedding()
    (dropout): Dropout(p=0.1, inplace=False)
  )
  (encoder): T5Stack(
    (embed_tokens): Embedding(32128, 512)
    (block): ModuleList(
      (0): T5Block(
        (layer): ModuleList(
          (0): T5LayerSelfAttention(
            (SelfAttention): T5Attention(
              (q): Linear(in_features=512, out_features=384, bias=False)
              (k): Linear(in_features=512, out_features=384, bias=False)
              (v): Linear(in_features=512, out_features=384, bias=False)
              (o): Linear(in_features=384, out_features=512, bias=False)
              (relative_attention_bias): Embedding(32, 6)
            )
            (layer_norm): T5LayerNorm()
            (dropout): Dropout(p=0.1, inplace=False)
          )
          (1): T5LayerFF(
            (DenseReluDense): T5DenseGatedActDense(
              (wi_0): Linear(in_features=512, out_features=1024, bias=False)
              (wi_1): Linear(in_features=512, out_features=1024, bias=False)
              (wo): Linear(in_features=1024, out_features=512, bias=False)
              (dropout): Dropout(p=0.1, inplace=False)
              (act): NewGELUActivation()
            )
            (layer_norm): T5LayerNorm()
            (dropout): Dropout(p=0.1, inplace=False)
          )
        )
      )
      (1-7): 7 x T5Block(
        (layer): ModuleList(
          (0): T5LayerSelfAttention(
            (SelfAttention): T5Attention(
              (q): Linear(in_features=512, out_features=384, bias=False)
              (k): Linear(in_features=512, out_features=384, bias=False)
              (v): Linear(in_features=512, out_features=384, bias=False)
              (o): Linear(in_features=384, out_features=512, bias=False)
            )
            (layer_norm): T5LayerNorm()
            (dropout): Dropout(p=0.1, inplace=False)
          )
          (1): T5LayerFF(
            (DenseReluDense): T5DenseGatedActDense(
              (wi_0): Linear(in_features=512, out_features=1024, bias=False)
              (wi_1): Linear(in_features=512, out_features=1024, bias=False)
              (wo): Linear(in_features=1024, out_features=512, bias=False)
              (dropout): Dropout(p=0.1, inplace=False)
              (act): NewGELUActivation()
            )
            (layer_norm): T5LayerNorm()
            (dropout): Dropout(p=0.1, inplace=False)
          )
        )
      )
    )
    (final_layer_norm): T5LayerNorm()
    (dropout): Dropout(p=0.1, inplace=False)
  )
  (head): PretrainHead(
    (dropout): Dropout(p=0.1, inplace=False)
    (linear): Linear(in_features=512, out_features=8, bias=True)
  )
), [12], [15], Empty DataFrame
Columns: [window, error]
Index: [])",0.007720991549831524,0.0066106047579523874
small,20,0.15,0.75,4,71.07734251022339,0.007720991549831524,0.08960478487788669,0.008122930929018522,0.05147128199681271,[0.1581072754192917],0.0005376744156819768,0.08294401907193541,0.006965604911621564,0.04820120893418789,0.1498701256360816,[12],[15],"[0.007720991549831524, 0.000583612470758713, 0.0006800316753339887, 0.0005875791352342016, 0.000637187686931741, 0.0006348584101942834, 0.0005726055096602067, 0.0005645107188943907, 0.0005290928384056315, 0.0005345235393698593, 0.0005465614480531908, 0.0005338823123435889, 0.0005274218695246548, 0.0005293622047507337, 0.00046337382601840157, 0.0004921359645127918, 0.00042377383839006403, 0.0005398048696016693, 0.0005050891923019662, 0.0005772527157595116, 0.0005376744156819768]","{'loss': [0.007720991549831524], 'mse': [0.08960478487788669], 'rmse': [0.008122930929018522], 'mae': [0.05147128199681271], 'smape': [0.1581072754192917]}","{'loss': [0.0066106047579523874], 'mse': [0.08294401907193541], 'rmse': [0.006965604911621564], 'mae': [0.04820120893418789], 'smape': [0.1498701256360816]}","([[0.007720991549831524, 0.000583612470758713, 0.0006800316753339887, 0.0005875791352342016, 0.000637187686931741, 0.0006348584101942834, 0.0005726055096602067, 0.0005645107188943907, 0.0005290928384056315, 0.0005345235393698593, 0.0005465614480531908, 0.0005338823123435889, 0.0005274218695246548, 0.0005293622047507337, 0.00046337382601840157, 0.0004921359645127918, 0.00042377383839006403, 0.0005398048696016693, 0.0005050891923019662, 0.0005772527157595116, 0.0005376744156819768]], {'loss': [0.007720991549831524], 'mse': [0.08960478487788669], 'rmse': [0.008122930929018522], 'mae': [0.05147128199681271], 'smape': [0.1581072754192917]}, {'loss': [0.0066106047579523874], 'mse': [0.08294401907193541], 'rmse': [0.006965604911621564], 'mae': [0.04820120893418789], 'smape': [0.1498701256360816]}, [71.07734251022339], 71.07734251022339, [10.188528299331665, 10.071705341339111], 20.260233640670776, MOMENTPipeline(
  (normalizer): RevIN()
  (tokenizer): Patching()
  (patch_embedding): PatchEmbedding(
    (value_embedding): Linear(in_features=8, out_features=512, bias=False)
    (position_embedding): PositionalEmbedding()
    (dropout): Dropout(p=0.1, inplace=False)
  )
  (encoder): T5Stack(
    (embed_tokens): Embedding(32128, 512)
    (block): ModuleList(
      (0): T5Block(
        (layer): ModuleList(
          (0): T5LayerSelfAttention(
            (SelfAttention): T5Attention(
              (q): Linear(in_features=512, out_features=384, bias=False)
              (k): Linear(in_features=512, out_features=384, bias=False)
              (v): Linear(in_features=512, out_features=384, bias=False)
              (o): Linear(in_features=384, out_features=512, bias=False)
              (relative_attention_bias): Embedding(32, 6)
            )
            (layer_norm): T5LayerNorm()
            (dropout): Dropout(p=0.1, inplace=False)
          )
          (1): T5LayerFF(
            (DenseReluDense): T5DenseGatedActDense(
              (wi_0): Linear(in_features=512, out_features=1024, bias=False)
              (wi_1): Linear(in_features=512, out_features=1024, bias=False)
              (wo): Linear(in_features=1024, out_features=512, bias=False)
              (dropout): Dropout(p=0.1, inplace=False)
              (act): NewGELUActivation()
            )
            (layer_norm): T5LayerNorm()
            (dropout): Dropout(p=0.1, inplace=False)
          )
        )
      )
      (1-7): 7 x T5Block(
        (layer): ModuleList(
          (0): T5LayerSelfAttention(
            (SelfAttention): T5Attention(
              (q): Linear(in_features=512, out_features=384, bias=False)
              (k): Linear(in_features=512, out_features=384, bias=False)
              (v): Linear(in_features=512, out_features=384, bias=False)
              (o): Linear(in_features=384, out_features=512, bias=False)
            )
            (layer_norm): T5LayerNorm()
            (dropout): Dropout(p=0.1, inplace=False)
          )
          (1): T5LayerFF(
            (DenseReluDense): T5DenseGatedActDense(
              (wi_0): Linear(in_features=512, out_features=1024, bias=False)
              (wi_1): Linear(in_features=512, out_features=1024, bias=False)
              (wo): Linear(in_features=1024, out_features=512, bias=False)
              (dropout): Dropout(p=0.1, inplace=False)
              (act): NewGELUActivation()
            )
            (layer_norm): T5LayerNorm()
            (dropout): Dropout(p=0.1, inplace=False)
          )
        )
      )
    )
    (final_layer_norm): T5LayerNorm()
    (dropout): Dropout(p=0.1, inplace=False)
  )
  (head): PretrainHead(
    (dropout): Dropout(p=0.1, inplace=False)
    (linear): Linear(in_features=512, out_features=8, bias=True)
  )
), [12], [15], Empty DataFrame
Columns: [window, error]
Index: [])",0.007720991549831524,0.0066106047579523874
small,20,0.15,0.75,6,71.1565089225769,0.007720991549831524,0.08960478487788669,0.008122930929018522,0.05147128199681271,[0.1581072754192917],0.0005376744156819768,0.08294401907193541,0.006965604911621564,0.04820120893418789,0.1498701256360816,[12],[15],"[0.007720991549831524, 0.000583612470758713, 0.0006800316753339887, 0.0005875791352342016, 0.000637187686931741, 0.0006348584101942834, 0.0005726055096602067, 0.0005645107188943907, 0.0005290928384056315, 0.0005345235393698593, 0.0005465614480531908, 0.0005338823123435889, 0.0005274218695246548, 0.0005293622047507337, 0.00046337382601840157, 0.0004921359645127918, 0.00042377383839006403, 0.0005398048696016693, 0.0005050891923019662, 0.0005772527157595116, 0.0005376744156819768]","{'loss': [0.007720991549831524], 'mse': [0.08960478487788669], 'rmse': [0.008122930929018522], 'mae': [0.05147128199681271], 'smape': [0.1581072754192917]}","{'loss': [0.0066106047579523874], 'mse': [0.08294401907193541], 'rmse': [0.006965604911621564], 'mae': [0.04820120893418789], 'smape': [0.1498701256360816]}","([[0.007720991549831524, 0.000583612470758713, 0.0006800316753339887, 0.0005875791352342016, 0.000637187686931741, 0.0006348584101942834, 0.0005726055096602067, 0.0005645107188943907, 0.0005290928384056315, 0.0005345235393698593, 0.0005465614480531908, 0.0005338823123435889, 0.0005274218695246548, 0.0005293622047507337, 0.00046337382601840157, 0.0004921359645127918, 0.00042377383839006403, 0.0005398048696016693, 0.0005050891923019662, 0.0005772527157595116, 0.0005376744156819768]], {'loss': [0.007720991549831524], 'mse': [0.08960478487788669], 'rmse': [0.008122930929018522], 'mae': [0.05147128199681271], 'smape': [0.1581072754192917]}, {'loss': [0.0066106047579523874], 'mse': [0.08294401907193541], 'rmse': [0.006965604911621564], 'mae': [0.04820120893418789], 'smape': [0.1498701256360816]}, [71.1565089225769], 71.1565089225769, [10.135120630264282, 10.089430332183838], 20.22455096244812, MOMENTPipeline(
  (normalizer): RevIN()
  (tokenizer): Patching()
  (patch_embedding): PatchEmbedding(
    (value_embedding): Linear(in_features=8, out_features=512, bias=False)
    (position_embedding): PositionalEmbedding()
    (dropout): Dropout(p=0.1, inplace=False)
  )
  (encoder): T5Stack(
    (embed_tokens): Embedding(32128, 512)
    (block): ModuleList(
      (0): T5Block(
        (layer): ModuleList(
          (0): T5LayerSelfAttention(
            (SelfAttention): T5Attention(
              (q): Linear(in_features=512, out_features=384, bias=False)
              (k): Linear(in_features=512, out_features=384, bias=False)
              (v): Linear(in_features=512, out_features=384, bias=False)
              (o): Linear(in_features=384, out_features=512, bias=False)
              (relative_attention_bias): Embedding(32, 6)
            )
            (layer_norm): T5LayerNorm()
            (dropout): Dropout(p=0.1, inplace=False)
          )
          (1): T5LayerFF(
            (DenseReluDense): T5DenseGatedActDense(
              (wi_0): Linear(in_features=512, out_features=1024, bias=False)
              (wi_1): Linear(in_features=512, out_features=1024, bias=False)
              (wo): Linear(in_features=1024, out_features=512, bias=False)
              (dropout): Dropout(p=0.1, inplace=False)
              (act): NewGELUActivation()
            )
            (layer_norm): T5LayerNorm()
            (dropout): Dropout(p=0.1, inplace=False)
          )
        )
      )
      (1-7): 7 x T5Block(
        (layer): ModuleList(
          (0): T5LayerSelfAttention(
            (SelfAttention): T5Attention(
              (q): Linear(in_features=512, out_features=384, bias=False)
              (k): Linear(in_features=512, out_features=384, bias=False)
              (v): Linear(in_features=512, out_features=384, bias=False)
              (o): Linear(in_features=384, out_features=512, bias=False)
            )
            (layer_norm): T5LayerNorm()
            (dropout): Dropout(p=0.1, inplace=False)
          )
          (1): T5LayerFF(
            (DenseReluDense): T5DenseGatedActDense(
              (wi_0): Linear(in_features=512, out_features=1024, bias=False)
              (wi_1): Linear(in_features=512, out_features=1024, bias=False)
              (wo): Linear(in_features=1024, out_features=512, bias=False)
              (dropout): Dropout(p=0.1, inplace=False)
              (act): NewGELUActivation()
            )
            (layer_norm): T5LayerNorm()
            (dropout): Dropout(p=0.1, inplace=False)
          )
        )
      )
    )
    (final_layer_norm): T5LayerNorm()
    (dropout): Dropout(p=0.1, inplace=False)
  )
  (head): PretrainHead(
    (dropout): Dropout(p=0.1, inplace=False)
    (linear): Linear(in_features=512, out_features=8, bias=True)
  )
), [12], [15], Empty DataFrame
Columns: [window, error]
Index: [])",0.007720991549831524,0.0066106047579523874
small,20,0.15,0.75,8,70.28726816177368,0.007720991549831524,0.08960478487788669,0.008122930929018522,0.05147128199681271,[0.1581072754192917],0.0005376744156819768,0.08294401907193541,0.006965604911621564,0.04820120893418789,0.1498701256360816,[12],[15],"[0.007720991549831524, 0.000583612470758713, 0.0006800316753339887, 0.0005875791352342016, 0.000637187686931741, 0.0006348584101942834, 0.0005726055096602067, 0.0005645107188943907, 0.0005290928384056315, 0.0005345235393698593, 0.0005465614480531908, 0.0005338823123435889, 0.0005274218695246548, 0.0005293622047507337, 0.00046337382601840157, 0.0004921359645127918, 0.00042377383839006403, 0.0005398048696016693, 0.0005050891923019662, 0.0005772527157595116, 0.0005376744156819768]","{'loss': [0.007720991549831524], 'mse': [0.08960478487788669], 'rmse': [0.008122930929018522], 'mae': [0.05147128199681271], 'smape': [0.1581072754192917]}","{'loss': [0.0066106047579523874], 'mse': [0.08294401907193541], 'rmse': [0.006965604911621564], 'mae': [0.04820120893418789], 'smape': [0.1498701256360816]}","([[0.007720991549831524, 0.000583612470758713, 0.0006800316753339887, 0.0005875791352342016, 0.000637187686931741, 0.0006348584101942834, 0.0005726055096602067, 0.0005645107188943907, 0.0005290928384056315, 0.0005345235393698593, 0.0005465614480531908, 0.0005338823123435889, 0.0005274218695246548, 0.0005293622047507337, 0.00046337382601840157, 0.0004921359645127918, 0.00042377383839006403, 0.0005398048696016693, 0.0005050891923019662, 0.0005772527157595116, 0.0005376744156819768]], {'loss': [0.007720991549831524], 'mse': [0.08960478487788669], 'rmse': [0.008122930929018522], 'mae': [0.05147128199681271], 'smape': [0.1581072754192917]}, {'loss': [0.0066106047579523874], 'mse': [0.08294401907193541], 'rmse': [0.006965604911621564], 'mae': [0.04820120893418789], 'smape': [0.1498701256360816]}, [70.28726816177368], 70.28726816177368, [9.996867418289185, 10.104418277740479], 20.101285696029663, MOMENTPipeline(
  (normalizer): RevIN()
  (tokenizer): Patching()
  (patch_embedding): PatchEmbedding(
    (value_embedding): Linear(in_features=8, out_features=512, bias=False)
    (position_embedding): PositionalEmbedding()
    (dropout): Dropout(p=0.1, inplace=False)
  )
  (encoder): T5Stack(
    (embed_tokens): Embedding(32128, 512)
    (block): ModuleList(
      (0): T5Block(
        (layer): ModuleList(
          (0): T5LayerSelfAttention(
            (SelfAttention): T5Attention(
              (q): Linear(in_features=512, out_features=384, bias=False)
              (k): Linear(in_features=512, out_features=384, bias=False)
              (v): Linear(in_features=512, out_features=384, bias=False)
              (o): Linear(in_features=384, out_features=512, bias=False)
              (relative_attention_bias): Embedding(32, 6)
            )
            (layer_norm): T5LayerNorm()
            (dropout): Dropout(p=0.1, inplace=False)
          )
          (1): T5LayerFF(
            (DenseReluDense): T5DenseGatedActDense(
              (wi_0): Linear(in_features=512, out_features=1024, bias=False)
              (wi_1): Linear(in_features=512, out_features=1024, bias=False)
              (wo): Linear(in_features=1024, out_features=512, bias=False)
              (dropout): Dropout(p=0.1, inplace=False)
              (act): NewGELUActivation()
            )
            (layer_norm): T5LayerNorm()
            (dropout): Dropout(p=0.1, inplace=False)
          )
        )
      )
      (1-7): 7 x T5Block(
        (layer): ModuleList(
          (0): T5LayerSelfAttention(
            (SelfAttention): T5Attention(
              (q): Linear(in_features=512, out_features=384, bias=False)
              (k): Linear(in_features=512, out_features=384, bias=False)
              (v): Linear(in_features=512, out_features=384, bias=False)
              (o): Linear(in_features=384, out_features=512, bias=False)
            )
            (layer_norm): T5LayerNorm()
            (dropout): Dropout(p=0.1, inplace=False)
          )
          (1): T5LayerFF(
            (DenseReluDense): T5DenseGatedActDense(
              (wi_0): Linear(in_features=512, out_features=1024, bias=False)
              (wi_1): Linear(in_features=512, out_features=1024, bias=False)
              (wo): Linear(in_features=1024, out_features=512, bias=False)
              (dropout): Dropout(p=0.1, inplace=False)
              (act): NewGELUActivation()
            )
            (layer_norm): T5LayerNorm()
            (dropout): Dropout(p=0.1, inplace=False)
          )
        )
      )
    )
    (final_layer_norm): T5LayerNorm()
    (dropout): Dropout(p=0.1, inplace=False)
  )
  (head): PretrainHead(
    (dropout): Dropout(p=0.1, inplace=False)
    (linear): Linear(in_features=512, out_features=8, bias=True)
  )
), [12], [15], Empty DataFrame
Columns: [window, error]
Index: [])",0.007720991549831524,0.0066106047579523874
small,20,0.15,0.75,10,70.47331190109253,0.007720991549831524,0.08960478487788669,0.008122930929018522,0.05147128199681271,[0.1581072754192917],0.0005376744156819768,0.08294401907193541,0.006965604911621564,0.04820120893418789,0.1498701256360816,[12],[15],"[0.007720991549831524, 0.000583612470758713, 0.0006800316753339887, 0.0005875791352342016, 0.000637187686931741, 0.0006348584101942834, 0.0005726055096602067, 0.0005645107188943907, 0.0005290928384056315, 0.0005345235393698593, 0.0005465614480531908, 0.0005338823123435889, 0.0005274218695246548, 0.0005293622047507337, 0.00046337382601840157, 0.0004921359645127918, 0.00042377383839006403, 0.0005398048696016693, 0.0005050891923019662, 0.0005772527157595116, 0.0005376744156819768]","{'loss': [0.007720991549831524], 'mse': [0.08960478487788669], 'rmse': [0.008122930929018522], 'mae': [0.05147128199681271], 'smape': [0.1581072754192917]}","{'loss': [0.0066106047579523874], 'mse': [0.08294401907193541], 'rmse': [0.006965604911621564], 'mae': [0.04820120893418789], 'smape': [0.1498701256360816]}","([[0.007720991549831524, 0.000583612470758713, 0.0006800316753339887, 0.0005875791352342016, 0.000637187686931741, 0.0006348584101942834, 0.0005726055096602067, 0.0005645107188943907, 0.0005290928384056315, 0.0005345235393698593, 0.0005465614480531908, 0.0005338823123435889, 0.0005274218695246548, 0.0005293622047507337, 0.00046337382601840157, 0.0004921359645127918, 0.00042377383839006403, 0.0005398048696016693, 0.0005050891923019662, 0.0005772527157595116, 0.0005376744156819768]], {'loss': [0.007720991549831524], 'mse': [0.08960478487788669], 'rmse': [0.008122930929018522], 'mae': [0.05147128199681271], 'smape': [0.1581072754192917]}, {'loss': [0.0066106047579523874], 'mse': [0.08294401907193541], 'rmse': [0.006965604911621564], 'mae': [0.04820120893418789], 'smape': [0.1498701256360816]}, [70.47331190109253], 70.47331190109253, [10.08706259727478, 10.011277914047241], 20.09834051132202, MOMENTPipeline(
  (normalizer): RevIN()
  (tokenizer): Patching()
  (patch_embedding): PatchEmbedding(
    (value_embedding): Linear(in_features=8, out_features=512, bias=False)
    (position_embedding): PositionalEmbedding()
    (dropout): Dropout(p=0.1, inplace=False)
  )
  (encoder): T5Stack(
    (embed_tokens): Embedding(32128, 512)
    (block): ModuleList(
      (0): T5Block(
        (layer): ModuleList(
          (0): T5LayerSelfAttention(
            (SelfAttention): T5Attention(
              (q): Linear(in_features=512, out_features=384, bias=False)
              (k): Linear(in_features=512, out_features=384, bias=False)
              (v): Linear(in_features=512, out_features=384, bias=False)
              (o): Linear(in_features=384, out_features=512, bias=False)
              (relative_attention_bias): Embedding(32, 6)
            )
            (layer_norm): T5LayerNorm()
            (dropout): Dropout(p=0.1, inplace=False)
          )
          (1): T5LayerFF(
            (DenseReluDense): T5DenseGatedActDense(
              (wi_0): Linear(in_features=512, out_features=1024, bias=False)
              (wi_1): Linear(in_features=512, out_features=1024, bias=False)
              (wo): Linear(in_features=1024, out_features=512, bias=False)
              (dropout): Dropout(p=0.1, inplace=False)
              (act): NewGELUActivation()
            )
            (layer_norm): T5LayerNorm()
            (dropout): Dropout(p=0.1, inplace=False)
          )
        )
      )
      (1-7): 7 x T5Block(
        (layer): ModuleList(
          (0): T5LayerSelfAttention(
            (SelfAttention): T5Attention(
              (q): Linear(in_features=512, out_features=384, bias=False)
              (k): Linear(in_features=512, out_features=384, bias=False)
              (v): Linear(in_features=512, out_features=384, bias=False)
              (o): Linear(in_features=384, out_features=512, bias=False)
            )
            (layer_norm): T5LayerNorm()
            (dropout): Dropout(p=0.1, inplace=False)
          )
          (1): T5LayerFF(
            (DenseReluDense): T5DenseGatedActDense(
              (wi_0): Linear(in_features=512, out_features=1024, bias=False)
              (wi_1): Linear(in_features=512, out_features=1024, bias=False)
              (wo): Linear(in_features=1024, out_features=512, bias=False)
              (dropout): Dropout(p=0.1, inplace=False)
              (act): NewGELUActivation()
            )
            (layer_norm): T5LayerNorm()
            (dropout): Dropout(p=0.1, inplace=False)
          )
        )
      )
    )
    (final_layer_norm): T5LayerNorm()
    (dropout): Dropout(p=0.1, inplace=False)
  )
  (head): PretrainHead(
    (dropout): Dropout(p=0.1, inplace=False)
    (linear): Linear(in_features=512, out_features=8, bias=True)
  )
), [12], [15], Empty DataFrame
Columns: [window, error]
Index: [])",0.007720991549831524,0.0066106047579523874
